,Job Description,Title,Core Responsibilities,Educational Requirements,Experience Level,Required Skills
0,description web designers looking to expand your professional reach welcome to robert half marketing creative start the process with robert half today we are searching for highly skilled web designers with experience working within corporate brand standards and guidelines the ideal candidates would have advanced skills in creating wireframes designing mobile applications landing pages interactive sites qa testing experience working with various interfaces and familiarity with uxui design principles candidates are expected to have strong skills in adobe photoshop illustrator and indesign any experience in html css and javascript is a major plus familiarity with content management systems is highly preferred there is nothing more satisfying when looking for freelance and fulltime creative opportunities than working with someone who knows your area of expertise as industry professionals robert half marketing creative is a team that puts your needs first and effectively represents you as a creative talent thats the kind of service youll receive from our team at robert half we have marketing advertising and creative backgrounds just like yours so were on your side right from the start could you ask for a better support team requirements years experience in a web design role experience working within a clients brand standards or guidelines advanced skill in the adobe creative cloud innovation starts with people robert half is the worlds first and largest specialized talent solutions firm that connects highly qualified job seekers to opportunities at great companies we offer contract temporary and permanent placement solutions for finance and accounting technology marketing and creative legal and administrative and customer support roles robert half puts you in the best position to succeed by advocating on your behalf and promoting you to employers we provide access to top jobs competitive compensation and benefits and free online training stay on top of every opportunity even on the go questions call your local office at robert half will consider qualified applicants with criminal histories in a manner consistent with the requirements of the san francisco fair chance ordinance all applicants applying for us job openings must be legally authorized to work in the united states benefits are available to temporary professionals visit robert half an equal opportunity employer mfdisabilityveterans by clicking apply now youre agreeing to,web designer,designing websites wireframes landing pages and mobile applications implementing designs using html css and javascript qa testing sites and applications,,years,years experience in web design proficiency with adobe creative cloud photoshop illustrator indesign strong html css javascript skills familiarity with content management systems
1,at trackfive weve got big goals were on a mission to revolutionize recruiting with easytouse tools and platforms and we envision a future where we can fill every open job with a qualified candidate thats why were looking for pioneerspeople who blaze trails and are committed to doing great work we might be small but we are mightyweve got more than a decade of skin in the game yet weve managed to maintain our startup feel the trackfive culture is centered around hard work but we believe strongly in balance and having funin a nutshell we love coming to work we value different backgrounds and perspectives believing that together we can use our creativity and curiosity to make amazing things happen if youre ready to be a part of something exciting trackfive is currently searching for a talented web developer this position is not dependent on location and can be local to the office with hybrid or inoffice options available or fully remote please note that a skills test may be a requirement for potential candidates in the interview process what youll do the web developer is responsible for delivering robust solutions to our clients they work collaboratively to support trackfives existing web application portfolio and the successful delivery of new development initiatives the life of a trackfive web developer contribute to all phases of the development lifecycle by following internal procedures and coding standards build layouts from provided psd files build dynamic web apps using phpmysqlframeworks leverage rest services and other thirdparty apis rapidly solve problems bugs and compatibility issues troubleshoot test and maintain the core product software and databases to ensure strong optimization and functionality develop and deploy new features to facilitate related procedures and tools as necessary skills necessary years or experience with html and csssass years of experience with programming php applications and lamp stack development experience with javascript and jquery thorough understanding of relational databases and security relating to phpmysql expert knowledge with content management systems either from your own design or from mvc frameworks such as zend laravel etc ability to build and consume custom soap and rest apis years of experience writing unit testsdetailing procedures selfmotivated requiring minimal supervision exceptional organization and communication skills why you want to work at trackfive free health insurance for employees with no waiting period dental and vision insurance trackfive splits the cost with you your birthday is a paid holiday companypaid short and longterm disability insurance companypaid life insurance flex time paid parental leave companymatched retirement plan with no waiting or vesting period the opportunity to workfromhome a few days a week so much swag cool inoffice perks like free snacks massages yoga and bringyourpettowork days just to name a few the opportunity to work with a great group of people up to some very exciting things the opportunity to attend our epic annual holiday party trackfive is an equal opportunity employer,web developer,build and layouts from provided psd files build dynamic web apps using php mysql frameworks leverage rest services and other third party apis rapidly solve problems bugs and compatibility issues troubleshoot test and maintain the core product software and databases,,years,years of experience with html and css sass years of experience with programming php applications and lamp stack development experience with es javascript and jquery thorough understanding of relational databases and security relating to php mysql expert knowledge with content management systems either from your own design or from mvc frameworks such as zend laravel etc ability to build and consume custom soap and rest apis years of experience writing unit tests detailing procedures self motivated requiring minimal supervision exceptional organization and communication skills
2,designups is a nashville based design and interactive agency at designups we have a strong focus on elevating brands with our expertise in design and customer experience are you a frontend developer with a serious interest in design and ui this could be a great fit if so this job is for someone in the greater nashville area the majority of the work can be done remotely but we do require some time in our east nashville office location hey its not too bad to walk to five points pizza or wildcow for lunch this is a contract position to start with a competitive hourly rate we would like to find the right person to join our team for a longterm role skills needed strong attention to design details typography ui etc translating designs responsively for multiple screen sizes familiarity with bootstrap or other similar frameworks wordpress knowledge and desire to learn is a major bonus,frontend web developer,translate designs responsively for multiple screen sizes work in wordpress frontend web development,,,strong attention to design details typography ui etc familiarity with bootstrap or similar frameworks wordpress knowledge
3,about the position the web designer is responsible for providing designrelated support for clientrelated and internal projects additionally the web designer is responsible for providing designrelated support for projects that are currently in development client review and postlaunch when assigned daytoday collaborate closely with design managers on websiterelated projects including finishing projects that have a set art direction to hand over to the development team work crossfunctionally with content and development teams which includes facilitating design discussions and adjusting existing designswebsites based on client feedback in preparation for the launch of their sites partner with development teams to ensure the implementation of your designs and user experiences are of the highest quality use and evolve our design systemlibrary to craft sketches flows prototypes and highfidelity visuals for client websites and product features work closely with design leadership to inform and improve our processes identifying opportunities for elevating our product and user experience provide designrelated support for postlaunch projects requirements our ideal candidate is detailoriented has an excellent eye for detail and enjoys delivering pixelperfect and welldocumented designs knows how to design websites has experience working with and understanding responsive design patterns and systems is prepared to take the baton and run gladly takes on projects with set art direction and finishes off remaining design production work has design system experience has experience working with scalable design systems within an inhouse design team is a team contributor more than willing to work with design managers to develop the strategy and rationale for features and improvements to internal processes can speak up and be understood has strong verbal and written communication skills which is a must for a remote company can adjust and pivot can navigate and move forward quickly within a fastscaling company and an everevolving creator website tool is hungry to improve gladly welcome feedback on their own performance from design managers along with nondesigners with the intent of professional growth in the company most importantly can joke around a sense of humor is a must in our company our company culture revolves around among other things working hard and laughing harder requirements years of experience as an individual contributor on a web or product design team for desktop and mobile an excellent portfolio showcasing a strong foundation in typography interaction and visual design and ideation bonus props for personal projects that display your design aesthetic and passions solid understanding of building usable accessible ada and modular design systems that can scale bonus props for certification in or related to ada experience facilitating the adoption of visual design andor patterns across a design project excellent understanding of figma and other design tools excellent written and verbal communication skills and ability to clearly communicate design decisions strong organizational skills and a selfstarter benefits remote always generous pto allowance for continuing education or training shiny new gear of your choice apple products medical dental longterm and short term disability insurance companysponsored life insurance dont meet of the qualifications above thats okay apply anyway,remote website designer,provide design support for client and internal website projects collaborate with content and development teams ensure high quality implementation of designs use and evolve the design system,,years experience as an individual contributor on a web or product design team,years experience in web or product design portfolio showcasing typography interaction and visual design skills understanding of responsive design and modular design systems figma and design tools proficiency strong communication skills self starter
4,job description zander insurance group is one of the largest direct marketers of insurance and identity theft solutions services in america our company was founded more than years ago with the mission to protect families today millions of visitors browse our websites they are a vital way we acquire communicate with and keep our clients the web designer will drive revenue growth through the design and optimization of all clientfacing zander web properties the ideal candidate is comfortable working with highlevel stakeholders and they understand the importance of getting projects done efficiently most importantly the web designer enjoys working and as a result has a positive attitude that contributes to the overall health of the zander culture we are seeking a contributor who thrives while working autonomously asks questions when necessary and problem solves daily this is a fulltime position and includes a competitive salary and comprehensive benefits this position reports directly to the evp of marketing and will be based in our nashville tennessee office with opportunities to work remotely responsibilities include designing compelling direct response websites and digital content that supports the zander brand campaign objectives and drives measurable actions utilizing knowledge of zander products and services to create designs that support an action or campaign goal creating designs that are compatible across multiple devices and screen sizes creating mockups to conceptualize designs and presenting ideas to stakeholders continually improving the existing user experiences and in the process driving revenue growth preproduction image optimization and preparation work with key stakeholders to ensure appropriate review and approvals for all clientfacing sites the ideal candidate years of digital design experience driving online sales or marketing has the ability to communicate effectively with highlevel clients thrives in a fastpaced and teamoriented environment is open to new ideas and able to adapt to changes quickly years of experience with adobe creative suite including photoshop illustrator and indesign sketch has solid experience with ui wireframing has a strong ability to articulate the why when presenting design concepts htmlcss and js experience preferred but not required what we have to offer potential to work from home monthly profits distributions health and dental insurance paid by zander insurance dollarfordollar matching on your k generous paid time off we are an equal opportunity employer applicants are considered for position and are evaluated without regard to mental or physical disability race religion sexual orientation color gender national origin age marital status military or veteran status or any other protected local state or federal status unrelated to the performance of the work involved,web designer,design compelling direct response websites and digital content that supports the brand campaign objectives and drives measurable actions utilize knowledge of company products and services to create effective designs create designs compatible across devices create mockups and present ideas to stakeholders continually improve user experiences and drive revenue growth,,years of relevant digital design experience,years of digital design experience driving online sales or marketing ability to communicate effectively with high level clients able to thrive in a fast paced team environment open to new ideas and able to adapt quickly proficiency with adobe creative suite including photoshop illustrator and indesign experience with sketch and ui wireframing ability to articulate design concepts html css js experience preferred but not required
5,tuff is a growth marketing team working with clients to drive growth by creating managing measuring and optimizing highperforming user acquisition campaigns were a fully remote and small team with endless opportunities for autonomy ownership and impact we work with clients in nearly every industry and a typical engagement with tuff includes paid search social ads seo content strategy creative and cro every account has a dedicated growth marketing lead and is supported by various channel experts for this position we are looking for an experienced web designer to join our cro team you will be the third web designer joining the team the cro team also includes a conversion rate optimization specialist and ux copywriter in this role you will work on designs in figma for existing website optimizations and landing page development across different client accounts this could include testing out different ctas remediating the homepage or other core pages adding in new landing pages refining pricing pages updating user flows redesigning blogs and more requirements about you you are a skilled web designer who has the flexibility and understanding to work on multiple established brands at once with quick mockup design turnarounds and have a strong understanding of how your designs will be translated in the web build process you have years of experience managing quickturnaround designdevelopment projects in various cms platforms webflow wordpress shopify contentful etc and landing page buildings unbounce and leadpages for startups and scaleups you have strong project management skills setting up and adhering to detailed production timelines following up with team members to get what you need and organizing creative assets for developers you have a clean aesthetic and a sharp eye for layout color and typography youre a strategic thinker and understand how to design digital website experiences that are compelling you have a passion for brand building and can help push user experience forward across all digital touchpoints youre curious and solutionoriented and enjoy finding new and innovative design solutions you can work independently but are keen to collaborate across disciplines with developers cro and ux copy to design fresh website experiences during month youll shadow tuffs cro team lead on three existing tuff clients to learn more about their individual brands and ongoing cro and web design needs adopt our existing development and design process by working with our existing web designers lyn and arturo learn how to guide and own website project priorities timelines scopes and costs within the tuff process using teamwork and slack design at least one website optimization and landing page for different clients during months youll work on various website designs ongoing monthly improvements for five tuff clients this includes testing out different ctas remediating the homepage or other core pages adding in new landing pages refining pricing pages updating user flows redesigning blogs and more work with growth marketers and the cro team at tuff as well as content and creative to implement website designs and updates for clients manage one to three developer contractorsfreelancers who will be responsible for implementing your designs on our clients sites fully guide website project priorities timelines scopes and costs within the tuff process things can change quickly at tuff this breakdown isnt prescriptive but intended to give you a better sense of the role benefits about you you have years of experience as a web designer with a background working on sites for companies in various industries you have experience working with a creative production team and a familiarity with creative production tools mainly figma and adobe suite you have an inclusive handson collaboration style with proven experience clearly communicating timelines and deliverables you have a learning mindset you are committed to getting better every day you have a bias toward action and are both efficient and adaptable you are a driver focused on making an impact on the organization and clients every day you have demonstrated success testing and uncovering useful insights and sharing them in an engaging form that inspires people to take action benefits we are a passionate team of thirty distributed across the us youll work closely with the whole team in particular with elle creative strategist lyn web designer arturo web designer and kristin sr growth marketer coo to get up to speed on current clients and iterate on the cro and web design process at tuff fully remote work from anywhere you want comprehensive health vision and dental coverage k with matching unlimited pto policy and we encourage you to take it parental leave paid weeks home office or coworking space stipend month internet reimbursement continuing training stipend of annually wellness day every quarter annual team retreats the starting salary range for this role is we use a compensation formula that adjusts for experience applicants must be based in the us,web designer,work on various website designs and ongoing monthly improvements for clients this includes testing ctas remediating core pages adding landing pages refining pricing pages updating user flows redesigning blogs etc guide website project timelines scopes and costs within the tuff process,,years experience as a web designer,years experience as a web designer experience with creative production tools like figma and adobe suite strong project management skills clean aesthetic and typography skills strategic thinker with passion for brand building and ux flexibility to work on multiple brands at once
6,type of requisition regular clearance level must be able to obtain none job family web design gdit has over years of experience supporting the technology science and mission of the environmental protection agency gdit technologists scientists and innovators are experts in moving applications to the cloud modeling massive data sets in highperformance computing environments supporting innovative and bleeding edge technologies and scientific initiatives defending the cyber landscape and driving automation highlevel skills htmlcssjavascript drupal section compliance expertise pertaining to pdfs adobe acrobat pro videos interactive trainings websites and web applications jaws dragon zoomtext articulate graphics design adobe photoshop illustrator after effects and lightroom specific tasks designs and builds complex graphics page layouts and animation that suit web pages and enhance its layout to create visual appeal creates an advanced detailed draft of the website outlining the various web pages according to client specifications and needs provides thorough testing to ensure the website is userfriendly and interactive provides thorough review of the final webpage design for the next level production collaborates with other web professionals and provide guidance on the implementation of the website stays current with the latest design software to improve in knowledge and skills and be able to create better design quality provides guidance and leadership to lessexperienced web designer personnel desired qualifications babs or equivalent experience years of experience additional job description covid vaccination gdit does not have a vaccination mandate applicable to all employees to protect the health and safety of its employees and to comply with customer requirements however gdit may require employees in certain positions to be fully vaccinated against covid vaccination requirements will depend on the status of the federal contractor mandate and customer site requirements we are gdit the people supporting some of the most complex government defense and intelligence projects across the country we deliver bringing the expertise needed to understand and advance critical missions we transform shifting the ways clients invest in integrate and innovate technology solutions we ensure today is safe and tomorrow is smarter we are there on the ground beside our clients in the lab and everywhere in between offering the technology transformations strategy and mission services needed to get the job done gdit is an equal opportunityaffirmative action employer all qualified applicants will receive consideration for employment without regard to race color religion sex sexual orientation gender identity national origin disability or veteran status or any other protected class covid vaccination gdit does not have a vaccination mandate applicable to all employees to protect the health and safety of its employees and to comply with customer requirements however gdit may require employees in certain positions to be fully vaccinated against covid vaccination requirements will depend on the status of the federal contractor mandate and customer site requirements we are gdit the people supporting some of the most complex government defense and intelligence projects across the country we deliver bringing the expertise needed to understand and advance critical missions we transform shifting the ways clients invest in integrate and innovate technology solutions we ensure today is safe and tomorrow is smarter we are there on the ground beside our clients in the lab and everywhere in between offering the technology transformations strategy and mission services needed to get the job done gdit is an equal opportunityaffirmative action employer all qualified applicants will receive consideration for employment without regard to race color religion sex sexual orientation gender identity national origin disability or veteran status or any other protected class,sr. web designer,designs and builds complex graphics page layouts and animation for web pages creates detailed drafts of website outlines based on client needs provides thorough testing and review of final website designs,bachelor s degree or equivalent experience,years of experience,proficiency in html css javascript drupal adobe photoshop illustrator after effects and lightroom
7,web developer job id positions location ustnnashville posted date category digital business digital operations level representative more information about this job overview leading country music company sony music nashville is looking for a technical highlymotivated rockstar web developer are you the professional who can help us make a direct impact on our artists sales and label success in the online world consider this rewarding position in our digital department if you have the ability to design across a broad range of artistic styles are capable of working concurrently on multiple projects in a fastpaced environment and stay on deadline sony music entertainment is a global recorded music company with a roster of current artists that includes a broad array of both local artists and international superstars as well as a vast catalog that comprises some of the most important recordings in history sony music entertainment is a wholly owned subsidiary of sony corporation of america all qualified applicants will receive consideration for employment without regard to race color religion sex national origin disability or protected veteran status responsibilities the web developer will use technical skills to develop and maintain the online assets for sony music nashvilles roster of artist this will include the creation of digital assets coding of online campaigns maintenance of company and label internet and intranet websites and the collection and evaluation of marketing response data design create and code promotional pages social skins email campaigns banner ads web interfaces and page layouts collaborate closely with frontend and backend developers throughout the entire development process maintain and update active company label websites images audio files press releases graphics troubleshoot creative and technical challenges analyze and make recommendations regarding traffic and activity on community properties continually research emerging digital technologies and services advise director of strategy on best use of new trends and knowledge that could positively impact artist roster complete other duties and responsibilities as assigned qualifications at least years of experience in building and maintaining websites proficiency in writing code in one or more of these languages htmlcssjavascript and basic phpmysql proven experience building and maintaining webbased platforms experience with wordpress strong grounding in interaction design fundamentals and web best practices experience with the adobe creative suite experience with audio and video editing knowledge of api integration basic knowledge of crossbrowser testing and responsive web design experience with motion graphics a plus must possess an online portfolio with a range of sample work the ideal candidate will have capacity to rapidly design and develop web pages based on shifting calendars aptitude to find solutions to novel coding issues and the resourcefulness to troubleshoot issues independently ability to be a highperforming team player enthusiastic to work with colleagues from marketing through technology enjoy a challenging and creative atmosphere in the music industry employees work in the music row area of nashville tennessee and receive outstanding benefits including k match medicaldentallifedisability insurance your cover letter is your opportunity to convince us you are the perfect person for this job take note to identify any experiences related to the job requirements and the ideal candidate described above note if you have previously applied for a sony music entertainment job and wish to submit a different r sum or cover letter than the one you last used follow these steps apply for this job online click on update profile from there upload a new r sum or copy and paste a new cover letter be sure to click update profile at the bottom of the page when youre done we communicate with applicants by email if you dont receive an email confirming our receipt of your application please check your spam filter and add us to your allowed email list autoreplyicimscom and noreplysonymusiccom,web developer,design create and code promotional pages social skins email campaigns banner ads web interfaces and page layouts maintain and update active company and label websites images audio files press releases graphics troubleshoot creative and technical challenges,,at least years of experience building and maintaining websites,proficiency in html css javascript and basic php mysql experience building and maintaining web based platforms wordpress knowledge of interaction design fundamentals and web best practices experience with adobe creative suite and audio video editing api integration experience
8,snapshot is looking for a back end developer to join our organization and make an immediate impact and help us ensure we meet our core purpose with every project we live to overdeliver inspirational solutions you may be the right person for us if you are upbeat meaning that you come to snapshot with a positive attitude and desire to improve each week own your work from your first day you are the type of individual that takes ownership of your projects and goes above and beyond for all our clients enjoy a challenge our deliverables and service standards are always changing and new projects kick off daily you stay ahead of the curve and enjoy learning more about the industry to help educate our clients and stay in the know about us snapshot is a fullservice digital agency bridging the gap between highquality video production awardwinning website design and creative online marketing strategies we help our clients big and small showcase their companies and products to the world in a fresh engaging way we have a heavy consistent project load and we need someone ready to hit the ground running if youre looking for a company that will stretch your creative abilities and teaches you the entrepreneurial spirit you belong here our team is selfmotivated disciplined and all work effectively as part of a team compensation benefits salaried position with pay depending upon experience health insurance coverage life insurance policy shortterm longterm disability insurance paid holidays days of vacation and week personal paid time off retirement plan and more description requirements the candidate will be someone that can code with confidence and create the amazing backend framework to deliver on our clients vision and expectations they will possess critical thinking skills to put to themselves in our clients shoes and troubleshoot issues independently responsibilities include helping to create amazing wordpress websites that reflect our clients brand and objectives execute updates and troubleshoot client websites for a wide variety of issues and resolutions seamless integrations of hubspot functions and plugins use of project management software for tracking projects updates and completion timely completion of projects tracking progress in project management system professional communication with team required experience bachelors degree or equivalent experience years professional experience understanding of objectoriented programming and mvc custom scripting and thirdparty api integration experience using hubspot integrations custom wordpress theming sage preferred custom rest api development expert level css foundation or bootstrap php mysql knowledge of responsive and mobilefirst best practices strong ability to debug crossbrowser issues detailoriented with strong organizational skills selfmotivated disciplined and able to work effectively as part of a team ability to maintain ownership of individual projects from start to finish while also working on collaborative projects familiarity with illustrator photoshop and sketch bonus experience with laravel basic commandline experience experience with deploying websites experience with git or other version control systems knowledge of css preprocessors such sass and less job type fulltime pay per year benefits k k matching dental insurance employee assistance program health insurance health savings account life insurance paid time off parental leave retirement plan vision insurance schedule hour shift monday to friday ability to commuterelocate nashville tn reliably commute or planning to relocate before starting work preferred education bachelors required experience backend development year required work location one location,web developer,creating amazing wordpress websites that reflect client brand and objectives executing updates and troubleshooting client websites integrating hubspot features and plugins tracking project progress and communicating professionally with team,bachelor s degree or equivalent experience,years backend development experience required,years professional experience understanding of object oriented programming and mvc custom scripting and api integration experience wordpress theming expertise sage preferred custom rest api development expert css php mysql knowledge of responsive and mobile first design ability to debug cross browser issues self motivated with strong organizational skills
9,we are seeking a senior ui designer who relishes in methodically applied color palettes and takes pride in your type of ramp when your work is done the mobile apps and responsive websites you create not only look amazing but act as a seamless extension of your clients brand voice and business strategy act as the lead or contributing designer on projects presenting work across the design ux and development teams create designs that are onbrand for our clients and follow a projects creative vision and business strategy while putting the user first collaborate with other groups like developers engagement managers and ux designers to deliver highquality creative for both internal and clientfacing projects provide constructive art direction alongside your fellow designers work on projects of varying length and complexity contribute to improvements in our creative process and capabilities years of related design experience experience and ability to work in a variety of digitalfocused design applications like sketch invision and illustrator proficiency in web optimization principles and other production methods crossplatform web mobile development experience ios android etc proficiency in producing pixel perfect design files ability to use motion tools like adobe after effects principle for mac and framer to communicate interaction design and motion must be legally authorized to work in the united states without the need for employer sponsorship now or at any time in the future experience creating design systems for enterpriselevel experiences experience creating icons and other custom illustrations for experiences curiosity to learn from others and a passion for learning and pursuing your craft experience working in a consulting environment participation in the wider design community and connections with creative organizations such as aiga creative mornings etc ability to take feedback and use it to improve your work a developed personal style with the ability to scale and adapt as the project needs sits within our advertising marketing commerce offering within our group we create content communications and experiences that engage and inspire our clients customers to act we implement and operate the technology platforms that enable personalized content commerce and usercentric experiences and in doing so we transform our clients marketing and engagement operations into modern datadriven creatively focused organizations all built to drive growth from developing a stand out resume to putting your best foot forward in the interview we want you to feel prepared and confident as you explore opportunities at deloitte check out recruiting tips from deloitte recruiters at deloitte we know that great people make a great organization we value our people and offer employees a broad range of benefits learn more about what working at deloitte can mean for you our people and culture our diverse equitable and inclusive culture empowers our people to be who they are contribute their unique perspectives and make a difference individually and collectively it enables us to leverage different ideas and perspectives and bring more creativity and innovation to help solve our client most complex challenges this makes deloitte one of the most rewarding places to work learn more about our inclusive culture from entrylevel employees to senior leaders we believe theres always room to learn we offer opportunities to build new skills take on leadership opportunities and connect and grow through mentorship from onthejob learning experiences to formal development programs our professionals have a variety of opportunities to continue to grow throughout their career as used in this posting deloitte means deloitte consulting llp a subsidiary of deloitte llp please see deloittecomusabout for a detailed description of the legal structure of deloitte llp and its subsidiaries all qualified applicants will receive consideration for employment without regard to race color religion sex sexual orientation gender identity national origin age disability or protected veteran status or any other legally protected basis in accordance with applicable law deloitte will consider for employment all qualified applicants including those with criminal histories in a manner consistent with the requirements of applicable state and local laws see notices of various banthebox laws where available requisition code,senior ui designer,lead or contribute to projects create designs that align with client brand creative vision and business strategy collaborate across teams provide art direction,,multiple years of related design experience,ui design experience proficiency in design tools like sketch invision illustrator web mobile design experience pixel perfect design files motion design experience
10,design develop and test high quality software features by understanding user needs and implementing well designed code follow and implement the code with standards and best practices good communication sense of urgency a good team player skills experience a bachelors degree in computer science engineering information technology or equivalent experience years professional software development experience with php on wordpress in an enterprise environment development experience in wordpress wp plugins php htmlcss java script mysql linux git strong analytical and debugging skills testing and familiarity with common debugging tools,wordpress web developer,design develop and test high quality software features by understanding user needs and implementing well designed code follow and implement the code with standards and best practices,a bachelors degree in computer science engineering information technology or equivalent experience,years professional software development experience,php wordpress wp plugins html css java script mysql linux git
11,if youre passionate about building a better future for individuals communities and our countryand youre committed to working hard to play your part in building that futureconsider wgu as the next step in your career driven by a mission to expand access to higher education through online competencybased degree programs wgu is also committed to being a great place to work for a diverse workforce of studentfocused professionals the university has pioneered a new way to learn in the century one that has received praise from academic industry government and media leaders whatever your role working for wgu gives you a part to play in helping students graduate creating a better tomorrow for themselves and their families position summary the web designer works on the creative side of producing a website they are responsible for designing visual elements for use online reflecting our branding and design aesthetic they create layouts for landing pages product pages homepages category pages and other areas of the website ensuring their designs are emotionally compelling unique and on strategy the position is remote essential functions and responsibilities this person will be part our creative team consisting of over talented people including copywriters video editors and graphic designers the position will report to the sr manager of brand design this position works closely with the greater marketing team to create pages that will help to increase engagement and conversion within our newly designed website environment their duties and responsibilities may include take a key role in the design and layout of our consumer facing webpages creating wireframes for initial review by the greater marketing team to make sure they map to the overall marketing strategy be able to understand user personas and have ideas for which kinds of content would be the most effective eg videos infographics header images charts etc create highfidelity comps in at least one webpage mockup tools such as figma sketch photoshop adobexd invision webflow etc for the visual layout and design of web pages the ability to program is not necessary as this role is more design oriented experience with web content management systems and page building tools we currently use adobe aem version work within our newly developed component library and customize components as needed advocate a passion for applying user feedback through various testing methods and be able to iterate based on design feedback collaborate with other designers front and backend development teams content owners project managers and other internal teams to create great user experiences liaising with copywriters graphic designers developers and project management to ensure that tasks are completed on time create and lead best uiux practices and disciplines and help ensure these guidelines are followed throughout the implementation phase knowledge skill and abilities proficient in the use of the adobe creative suite ability to prototype designs in interactive formats using figma adobexd sketch or other similar tools understanding of best practices in designing for responsive websites with a focus on mobile first highlevel understanding of visual design principles including color optimization layout hierarchy typography and composition effectively communicate your designs to developers and other key stakeholders qualifications minimum qualifications years experience working as a uxui designer including design development implementation and production deployment a portfolio of examples of webpage design as an equal opportunity employer wgu recognizes that our strength lies in our people we are committed to diversity,ui web designer,take a key role in the design and layout of our consumer facing webpages creating wireframes for initial review by the greater marketing team create high fidelity comps for the visual layout and design of web pages,,years experience as a ux ui designer including design development implementation and production deployment,proficient in adobe creative suite ability to prototype designs in interactive formats like figma adobe xd or sketch understanding of responsive web design and mobile first principles visual design skills including color layout typography and composition
12,the apply with seek option will be utilized for international applicants mainly australia if this does not apply to you please use the apply optionsenior web designer remoteif you care theres a place for you herefor a career path that is both challenging and rewarding join sedgwicks talented team of colleagues around the globe sedgwick is a leading provider of technologyenabled risk benefits and integrated business solutions taking care of people is at the heart of everything we do millions of people and organizations count on sedgwick each year to take care of their needs when they face a major life event or something unexpected happens whether they have a workplace injury suffer property or financial loss or damage from a natural or manmade disaster are involved in an auto or other type of accident or need time away from work for the birth of a child or another medical situation we are here to provide compassionate care and expert guidance our clients depend on our talented colleagues to take care of their most valuable assetstheir employees their customers and their property at sedgwick caring counts join our team of creative and caring people of all backgrounds and help us make a difference in the lives of othersopen to remote work all locations within the usprimary purpose conceptualize and design user experience projects and initiatives and oversee designers to ensure highquality work throughout the entirety of the projectessential functions and responsibilities create userfriendly designs that improve the overall user experience oversee user experience projects to support global marcomm deliverables ideas and solutions creates strategic and compelling user experience design solutions that are visually engaging and onbrand to drive an optimized experience manages execution of design projects and initiatives to deliver onbrand solutions that are based on best practices and meet the needs of the timeline requirements prepares wireframes that are strategic optimize the user flow and incorporate the desired calltoaction and brand engagement participates in brainstorming sessions key milestone meetings and status meetings with the team to ensure alignment with strategic objectives and teambusiness priorities stay uptodate with industry best practices and tools ensures that user experience projects are accessible and follow wcag guidelines aa requirementsadditional functions and responsibilities performs other duties as assigned supports the organizations quality programs travels as required this is a remote positionqualificationseducation licensingbachelors degree in uiux or graphic design from an accredited college or university preferredexperienceseven years of uiux or graphic design experience or equivalent combination of education and experience requiredskills knowledge attention to detail strong design asthetic strategic mindset knowledge of adobe creative suite knowledge of sketch excellent oral and written communication skills including presentation skills strong knowledge of css and html websites strong organizational skills excellent interpersonal skills ability to work in a fast paced team environmentwork environmentwhen applicable and appropriate consideration will be given to reasonable accommodationsmental clear and conceptual thinking ability excellent judgment troubleshooting problem solving analysis and discretion ability to handle workrelated stress ability to handle multiple priorities simultaneously and ability to meet deadlinesphysical computer keyboarding travel as requiredauditoryvisual hearing vision and talkingthe statements contained in this document are intended to describe the general nature and level of work being performed by a colleague assigned to this description they are not intended to constitute a comprehensive list of functions duties or local variances management retains the discretion to add or to change the duties of the position at any timesedgwick is an equal opportunity employer and a drugfree workplace,senior web designer (remote),create user friendly designs that improve the overall user experience oversee user experience projects to support global marcomm deliverables ideas and solutions create strategic and compelling user experience design solutions that are visually engaging and on brand to drive an optimized experience,bachelor s degree in ui ux or graphic design preferred,years of ui ux or graphic design experience required,bachelor s degree in ui ux or graphic design years of ui ux or graphic design experience strong knowledge of adobe creative suite sketch css and html excellent communication presentation organizational and interpersonal skills ability to work in a fast paced team environment
13,the role remote as a software engineer youll build features into the dispatch platform that will lead us toward our goal of redefining sameday delivery youll dig deep into many parts of the system and will work across the full stack to create new ideas and improve existing functionality we believe that product development is more fun when deploying early and often splitting up work into bitesized chunks and getting feedback from real users as quickly as possible we also believe that a single engineer should be empowered to develop a feature from start to finish and that the technology stack should be simple enough to make that realistic this is a fulltime exempt computer employee role that reports to the manager software engineering what youll do executes all job duties in alignment with dispatchs core values mission and purpose acts ethically with integrity and complies legal standards to deliver an environment that promotes respect innovation and creativity encourages and fosters an inclusive environment an environment where the strengths and expertise of our workforce are welcomed amplified and exhibited in the work at dispatch build high quality features that meet business objectives with a focus on usability collaborate closely with your teammates through code reviews to keep aligned and adhere to best coding practices deploy your projects to production frequently and monitor the results to ensure quality and positive outcome actively solicit feedback from teammates and customers to improve usability of the features being built work with the rest of the product team to come up with ways to make the product better overall perform other duties as assigned to be less than of your responsibilities what were looking for strong interpersonal skills that will keep you productive on a fast moving team a track record of learning new technologies on the fly and finding the right tool for the job must be a positive selfdriven teammember with a desire to learn what youll need bachelors degree or equivalent experience required experience building and supporting web applications in a fullstack capacity preferably years or more proficiency with ruby on rails java net python php or groovy required and javascriptreact preferred experience with react native ios android elasticsearch google maps apis are a bonus even if you dont match of the requirements we still encourage you to apply so that we may possibly talk and see how you could still contribute to dispatch in meaningful ways about us dispatch is a technologybased company that redefines the way sameday deliveries are made in the space with our network of independent contractor drivers dispatch puts suppliers businesses and technicians in control of local deliveries with realtime tracking and transparency we strive to deliver the best value and service to our customers every day dispatch started in the twin cities but is now in dozens of markets across the country with all of this growth we maintain a strong focus on our company culture dispatch operates on five core values people first belief speed to value driven to deliver and transparency if you connect with these values wed love to learn more about you,"software engineer - reno, nv",builds high quality features that meet business objectives with a focus on usability collaborates closely with teammates through code reviews deploys projects to production frequently and monitors results actively solicits feedback from teammates and customers to improve usability,bachelor s degree or equivalent experience required,years building and supporting web applications in a fullstack capacity,bachelor s degree or equivalent experience experience building and supporting web applications in a fullstack capacity preferably years proficiency with ruby on rails java net python php or groovy javascript react preferred
14,tldr highimpact software development jobs for smart people code that saves lives as a software developer at epic youll write software that impacts the lives of of americans and million patients around the world working in your own office surrounded by thousands of highcaliber developers youll use modern development methodologies and employ usercentered design analytics and machine learning tools to drive innovation in healthcare using leadingedge technologies and languages like js ts and c youll invent better ways to reduce medical errors streamline record sharing between hospitals and provide the quality of care a patient deserves write software for the most innovative health systems on the planet the topranked health systems in us news and world report are epic customers our community includes major systems like the mayo clinic johns hopkins cleveland clinic and kaiser permanente as well as leading academic medical centers at the university of wisconsin university of michigan university of california university of texas the ohio state university and many more experience our stateoftheart campus eat delicious food and travel the world we dont believe in cubicles well we believe they exist but our uniquely themed campus was designed to heighten your ability to get stuff done in your office a conference room or by the fireplace in a comfy chair for lunch visit kings cross or cassiopeia for a wide array of meal options or go to one of our smaller themed bistros featuring woodrotisserie panasian and latininspired cuisine all meals are restaurantquality but cost only a few dollars and theyre prepared by a team comprised of kitchen talent from restaurants around the country and after five years here youll earn a fourweek sabbatical anywhere in the world staff have kayaked in patagonia attended a beyonc concert in ireland built a library in tanzania and run a marathon in antarctica live affordably in a city known for its rising tech talent epic is located just outside madison wisconsin the second fastest growing market for tech talent in the united states and home to the state capital and the university of wisconsin madison a city surrounded by water has received accolades for being the greenest city in america nerdwallet the best city for renters smartasset fittest city in america fitbit and for the gamers is one of a handful of us cities to have a killer queen arcade game located at madisons first arcade bar more than just important work we offer comprehensive benefits to keep you healthy and happy as you grow in your life and career and your meritbased compensation will reflect the impact your work has on the company and our customers youll also be eligible for annual raises and bonuses as well as stock grants which give you an even greater stake in the success of epic and our customers epic is an equal opportunity employer please see our full nondiscrimination statement at careersepiccomeeo relocation to madison wi area reimbursed bsba or greater in computer science mathematics software engineering computer engineering or a related field a history of academic excellence or professional success eligible to work in the united states without visa sponsorship or graduating from uwmadison and eligible to work in the united states with visa sponsorship persons with appropriate qualifications and eligible for tn status under nafta may also apply covid vaccination,software engineer,write software for healthcare systems using modern development methodologies user centered design analytics and machine learning invent better ways to reduce medical errors streamline record sharing and improve patient care quality,bsba or greater in computer science mathematics software engineering computer engineering or a related field,,proficiency in js ts c and other leading edge technologies and languages academic excellence or professional success in computer science software engineering or related fields
15,we are seeking creative and talented individuals who love learning and are motivated to launch their technology career no prior professional experience required revature is the largest and fastest growing employer of emerging technology talent across the us come join our community as arevature entry level software engineeryou will receive onthejobtraining to become an experienced software engineer remote interviews are starting now benefits for entry level software engineers launch a software engineering career with no prior experience learn to code on the job thats right we pay you to learn competitive salary relocation housing assistance paid time off industry certifications employer paid mentoring program experience with the largest companies in the us career acceleration over of revature alumni have received an additional promotion and saw their salary significantly increase after launching their tech career with revature entry level software engineer training program fulltime paid training work on real world projects in a team environment to get you enterpriseready for placement with one of our corporate partners training on the most indemand programming skills in the job market we work together with our corporate partners to identify the skills that are most vital to their organization were invested in your successyoull have an employee engagement team member to support and provide you with a wide range of assistance as a revature employee youll also have access to our expansive network of likeminded peers who you can collaborate with what we are looking for college degree associates or bachelors must be authorized to work in the us strong desire to learn to code no prior professional experience required a natural problem solver team player challenge seekers looking to develop tech skills adaptable strong communication and interpersonal skills willing to relocate anywhere in the us relocation assistance provided working for revature is more than a job we develop you into an experienced software engineer and put you on an accelerated career pathfast track your tech career and work for a company that invests in you and values learningwhose own success is dependent on your success equal employment opportunity the company is an equal opportunity employer we will extend equal opportunity to all individuals without regard to race religion color sex pregnancy childbirth or related medical conditions sexual orientation gender identity national origin disability age genetic information marital status veteran status or any other status protected under applicable federal state or local laws this policy applies to all terms and conditions of employment including but not limited to hiring placement promotion termination layoff recall transfer leaves of absence benefits compensation and training if you require an accommodation to work based on any of these protected factors please notify the human resources department and the company will evaluate the request and provide an accommodation in accordance with applicable law we seek to comply with all applicable federal state and local laws related to discrimination and will not tolerate the interference with the ability of any of the companys employees to perform their job duties our policy reflects and affirms the companys commitment to the principles of fair employment and the elimination of all discriminatory practices,entry level software engineer,training program to become an entry level software engineer work on real world projects in a team environment no prior professional experience required,college degree associates or bachelors,no prior professional experience required,college degree associates or bachelors authorized to work in the us desire to learn to code problem solving skills team player adaptable communication and interpersonal skills
16,gaming welcome to the world of landbased gaming light wonders gaming team builds cuttingedge technology products and content for the most iconic casinos and operators across the globe position summary job summary the person in this position is responsible for development designing testing coding and integrating softwareembedded products troubleshoots and debugs software defects reviews interprets and executes softwareembedded requirements and specifications essential job functions performs highlevel design and development of assigned embedded related projects creates highlevel andor detailed analysis on the design of various components to be used in the companys gaming and system products tests integrates writes troubleshoots and debugs embedded software applications develops and produces new games while adding to the main game libraries plans codes tests demonstrates and trains fellow engineers on software engineering practices followed by company standards and practices maintains liaison with engineers and other groups such as marketing and sales regarding relevant issues documents all tasks performed solutions to issues and implementation process researches new technologies and incorporates them into new gamingsystems products knowledge skills and abilities strong attention to detail ability to share expertise and train subordinates ability to multitask and work independently good working knowledge and understanding of software modeling in realtime response environments strong problem solving and analytical skills development improvement and analysis of serial communications protocols experience with various operating systems knowledge of software development life cycle job level description accountable for all or significant portion of a function qualifications education bachelors degree in related field years of related experience years of experience to years physical requirements the physical demands described here are representative of those that must be met by an employee to successfully perform the essential functions of this job reasonable accommodations may be made to enable individuals with disabilities to perform the essential functions while performing the duties of this job the employee is regularly required to sit stand walk bend use hands operate a computer and have specific vision abilities to include close and distance vision and ability to adjust focus working with computer and business equipment work conditions light wonder and its affiliates collectively lw are engaged in highly regulated gaming and lottery businesses as a result certain lw employees may among other things be required to obtain a gaming or other licenses undergo background investigations or security checks or meet certain standards dictated by law regulation or contracts in order to ensure lw complies with its regulatory and contractual commitments as a condition to hiring and continuing to employ its employees lw requires all of its employees to meet those requirements that are necessary to fulfill their individual roles as a prerequisite to employment with lw to the extent permitted by law you shall be asked to consent to lw conducting a due diligencebackground investigation on you this job description should not be interpreted as allinclusive it is intended to identify major responsibilities and requirements of the job the employee in this position may be requested to perform other jobrelated tasks and responsibilities than those stated above light wonder is an equal opportunity employer and does not discriminate against applicants due to race color sex age national origin religion sexual orientation gender identity status as a veteran and basis of disability or any other federal state or local protected class if youd like more information about your equal employment opportunity rights as an applicant under the law please click here for eeoc poster,associate software engineering,develop design test code and integrate software embedded products troubleshoot and debug software defects review interpret and execute software embedded requirements and specifications,bachelor s degree in related field,to years of related experience,embedded software development software modeling in real time response environments serial communications protocols various operating systems software development life cycle
17,description hughes private capital in business since and one of the fastest growing companies in northern nevada is on a yearoveryear growth trajectory that requires increased staffing in all departments to keep pace with this growth and theres no letup in sight we are proud of our roots in the real estate investment industry we provide sound healthy and stable returns to our investors through the acquisition rehab and longterm hold of rental homes job summary the software engineer is a critical role within the software engineering team that participates in the development of new technical systems enhances the existing application fixes bugs performs rd and is involved in communicating and coordinating with senior and junior engineers qa team members and other members of the software engineering team this individual may conduct code reviews as needed must act as an individual contributor within regularly scheduled sprint cycles and is expected to participate in software rollouts for the organization that are feature rich and high in quality software engineers will be expected to drive forward and produce results while fostering a culture of servant leadership expected from all within the technology department your responsibilities will include participating in rd initiatives for the department assisting with solution recommendations course of action and contingency plans as required assist and collaborate with junior and senior engineers as needed developing highly functional software that is error free and efficient across businesscritical systems assess the existing sdlc and provide recommendations changes to procedure or process that will improve throughput and effectiveness of our development teams collaborate with other engineers on sprint progress and impediments to release timelines identify inefficiencies problem areas or opportunities for technical investment that will improve operational processes or procedures both inside and outside the engineering team ensure software is up to date and free of vulnerabilities troubleshoot or debug business critical systems to optimize performance manage and improve cicd pipelines additional responsibilities and duties practice and adhere to hughes private capital values and service standards conduct business with the highest standards of personal professional and ethical conduct perform and assist with duties as required to maintain workflow and meet deadlines notify management of obstacles equipment or operating problems requiring the need for additional support andor supplies participate in meetings and workgroups to acquire and maintain necessary levels of knowledge relating to business developments industry requirements policies and regulatory guidelines collaborate on projects and communicate issues ensure all safety precautions are followed while performing the work follow company standard operating procedures sops and policies perform tasks special projects and other duties as assigned with the ability to recognize and correct oversights or inaccuracies requirements what we seek in this candidate critical thinking and strong attention to details strong written and verbal communication skills strong understanding of objectoriented programming years of software engineering experience years of full stack web development experience years of experience with html css javascript and or its frameworks advanced knowledge and implementational skills with mvc architecture experience building applications with design patterns and frameworks struts spring spring boot and microservices experience working in an agile environment scrum experience with software engineering best practices for the sdlc code standards reviews vcs testing etc strong competency with relational databases schema design normalization writing complex queries and optimization familiarity with cicd pipelines and processes strong proficiency with system design and architecture application and database experience with building and consuming rest or soap web services with and without using frameworks experience implementing data structures and algorithms linked list graphs trees tries etc solid understanding of linux or windows os with scripting skills in bash power shell python experience with best security practices while implementing apis sso and in general preferred experience with aws products experience with salesforce development apex and the salesforce cli experience with the atlassian product suite confluence jira bitbucket experience with docker advanced java proficiency experience with any nosql database bachelors degree or above in computer science information systems or related field of study physical requirements the physical demands described here are representative of those that must be met by an employee to successfully perform the essential functions of this job this job operates in a professional office environment remaining in a stationary position often sitting for prolonged periods communicating with others to exchange information you will work with high energy team members ready to assist with any project an experienced toplevel leadership team the director of technology and a growing software devit team about our culture and our core values this is a fastpaced environment largely due to our continuing growth weve grown exponentially and new team members continue to join our hpc family respect for others and ourselves we are a team that trusts each other and communicates effectively our leadership is committed to helping team members grow both personally and professionally innovation and creativity and an entrepreneurial spirit these are a few of our guiding principles that our owners and workers alike believe in and that drive us a culture focused on developing and investing in team members coaching training and supporting each other while remembering to have fun creating enjoyment at work and maintaining a healthy worklife balance we are always learning and continually striving to create a positive impact do the job description and responsibilities read like the next step in your career or perhaps youre feeling stagnant in your current role and feeling the urge to jump to a dynamic and rapidly growing organization if so we just might be the perfect opportunity for you if your experience skills drive and of course your interest seem perfect for this position wed love to hear from you today compensation and benefits include competitive salary health benefits paid vacation time paid sick time paid federal holidays employee investment program we are an equal opportunity employer and all qualified applicants will receive consideration for employment without regard to race color religion sex sexual orientation gender identity or expression pregnancy age national origin disability status genetic information protected veteran status or any other characteristic protected by federal state or local laws this policy applies to all terms and conditions of employment including recruiting hiring placement promotion termination layoff recall transfer leaves of absence compensation and training job type fulltime pay from per year job type fulltime pay per year benefits dental insurance health insurance referral program vision insurance schedule hour shift monday to friday supplemental pay bonus pay ability to commuterelocate reno nv reliably commute or planning to relocate before starting work required experience full stack years required software engineering years preferred work location one location,software engineer,participating in r d initiatives for the department assisting with solution recommendations developing highly functional software that is error free and efficient across business critical systems assessing the existing sdlc and providing recommendations changes collaborating with other engineers on sprint progress and impediments to release timelines identifying inefficiencies problem areas or opportunities for technical investment that will improve operational processes or procedures both inside and outside the engineering team ensuring software is up to date and free of vulnerabilities troubleshooting or debugging business critical systems to optimize performance managing and improving ci cd pipelines,,years of software engineering experience,object oriented programming years of software engineering experience years of full stack web development experience html css javascript and or its frameworks mvc architecture design patterns and frameworks struts spring spring boot and microservices agile scrum software engineering best practices for the sdlc code standards reviews vcs testing etc relational databases schema design normalization complex queries optimization ci cd pipelines and processes system design and architecture application and database building and consuming rest or soap web services data structures and algorithms linux windows os with scripting skills in bash powershell python
18,signup on hired to find your dream job remote work available as a security software engineer at one of companies looking for jobseekers just like you companies on hired apply to you youll receive salary and compensation details up front before the interview by crafting a profile on hired were confident that youll find a job youll love security software engineers are responsible for everything the website user encounters including scrolling functions and graphics as well as building the logic database interactions and server configuration on the applications backend in addition to programming the various features of serverside and userside applications the software engineers are encouraged to upgrade and maintain both the back and frontend as needed as new technologies emerge and platforms are expanded the role will likely transform to suit these changes we need security software engineering job seekers on hired who are resultsoriented multifaceted and can work independently or in a team environment to get the job done common responsibilities the development and maintenance of clientside and serverside applications working with other web developers as well as marketing teams and engineers to ensure the right look and vital features are included in your work crafting tests that will be implemented to keep software functional stay on top of rapidly growing technologies and engineering trends skills experiences our employers need proficiency with html and css able to code using languages like javascript core mvc and aspnet experienced or accomplished in any of the following sql ruby ruby on rails java for frontend and backend programming go language swift docker azure angularjs and angular building and accessing databases with nosql and nodejs understanding of http protocols developer tools ssl certificates and web application architecture vigilant able to track changes made to code with git version control system these would also be nice strong communication skills thriving within teams keeping business needs in mind forward thinking desire to continuously improve are you ready to find your next opportunity with hired,software engineer,develop and maintain client side and server side applications work with other developers and teams to ensure applications have the right features and functionality write tests to ensure software remains functional,,,proficiency in html css javascript asp net sql experience with front end and back end programming languages like javascript ruby java go swift database skills including nosql and node js understanding of http protocols ssl web architecture experience with git version control
19,job description our vision in the new and exciting world of the decentralized internet otherwise known as it is an individuals fundamental right to own and control their digital identity to ensure that the individual is paramount in we are developing a suite of applications to enable everyone to safely engage take part and transact in the emerging decentralized world of the internet our platform centers on identity and leverages that identity to provide individuals with secure digital asset storage and recovery access to decentralized finance the ability to prove ownership of their creations and gateways to digital interactions and experiences all to empower and benefit every user we believe that the decentralized nature of creates an opportunity for everyone to challenge the digital status quoto own and control their identity data finances creations and future this is the chance to get it right to rally a movement of individuals so belongs to everyone not to trilliondollar companies to fulfill this vision we are seeking dynamic people who want to join us in leading the way to this new world what you will do as a javascript backend developer you will be responsible for developing web apis and other backend components for blockchain applications including adapting standardizations for decentralized identities and verifiable credentials you will primarily be implementing web services destined for integration with party consumers such as mobile applications and other backend services you will work with a team creating and maintaining a public api based on the openapi specification contributing to key blockchains sdks intended for use by other blockchains teams a broader public development community and other companies you will work as part of a fastpaced elite agile development team leveraging the latest software development best practices and clean coding techniques to develop highquality software according to our corporate vision additional job responsibilities include but are not limited to defining and implementing new restful apis and json schemas understanding and evaluating standards for code reviews and discussions on design patterns working extensively with various javascript frameworks such as fastify typeorm js and jest supporting integration efforts with mobile and web portal development teams contributing to design discussions product brainstorming and backlog grooming testing and debugging integration issues supporting release activities such as using and contributing to scripts tooling for cicd pipelines and reviewing and addressing issues from security scans using jira confluence and gitlab for daytoday development activities what you will need to succeed for maximum success in this role you will have an agile mindset and are committed to continue honing your skills you have a passion for writing clean highquality code for use by others you have developed highperformance scalable and highly available software solutions with extensive experience designing implementing and integrating web services used in production you work well within a team contributing to design activities and code reviews with clear written and verbal communication you are familiar with writing tests for your code using test automation frameworks and have strong debugging skills you are familiar with docker yarn yaml and json and have extensive experience using typescript or similar javascript frameworks you know or are excited to learn foundational knowledge in cryptography especially elliptic curves and an understanding of blockchains like ethereum or bitcoin your education and experience a bachelors degree or higher in computer science or other stem disciplines with a strong computer science background a minimum of five years experience as a software developer designing and implementing web services for production a minimum of three years experience handson with javascript using typescript or a similar framework at least three years of experience working with largescale enterprisegrade distributed systems for infrastructure web services and applications experience working within crossfunctional agile teams in developing enterprisegrade software including api design writing design documentation writing unit and integration tests and deploying web services into production required blockchains inc blockchains is proud to be a diverse workforce and we are committed to inclusion and diversity to ensure equal opportunity for all applicants blockchains provides equal employment opportunities to all employees and applicants regardless of race color religion sex sexual orientation gender identity andor expression national origin age marital status physical or mental disability veteran status or any other characteristic protected by federal state or local laws when you apply to a job on this site the personal data contained in your application will be collected by blockchains inc controller which is located at waltham way sparks nv and can be contacted by emailing privacyblockchainscom controllers data protection officer is edward oconnor who can be contacted at privacyblockchainscom your personal data will be processed for the purposes of managing controllers recruitment related activities which include setting up and conducting interviews and tests for applicants evaluating and assessing the results thereto and as is otherwise needed in the recruitment and hiring processes such processing is legally permissible under art f of regulation eu general data protection regulation as necessary for the purposes of the legitimate interests pursued by the controller which are the solicitation evaluation and selection of applicants for employment your personal data will be shared with greenhouse software inc a cloud services provider located in the united states of america and engaged by controller to help manage its recruitment and hiring process on controllers behalf accordingly if you are located outside of the united states your personal data will be transferred to the united states once you submit it through this site because the european union commission has determined that united states data privacy laws do not ensure an adequate level of protection for personal data collected from eu data subjects the transfer will be subject to appropriate additional safeguards under you can obtain a copy of the standard contractual clauses by contacting us at privacyblockchainscom your personal data will be retained by controller as long as controller determines it is necessary to evaluate your application for employment under the gdpr you have the right to request access to your personal data to request that your personal data be rectified or erased and to request that processing of your personal data be restricted you also have to right to data portability in addition you may lodge a complaint with an eu supervisory authority,software engineer (javascript backend),defining and implementing new restful apis and json schemas code reviews and discussions on design patterns working extensively with various javascript frameworks supporting integration efforts with mobile and web portal development teams contributing to design discussions and backlog grooming testing and debugging integration issues supporting release activities such as ci cd pipelines and reviewing security scan results,bachelor s degree or higher in computer science or stem with strong cs background,minimum years as a software developer designing and implementing web services minimum years hands on with javascript and typescript or similar at least years working on large enterprise distributed systems,agile mindset passion for writing clean high quality code experience designing implementing and integrating production ready web services able to contribute to design activities and code reviews familiarity with test automation frameworks and debugging knowledge of docker yaml json typescript or similar js frameworks foundational cryptography and blockchain knowledge
20,we are looking for a fulltime full stack senior software engineer who can work out of our office in reno nevada relocation assistance is available you should enjoy writing beautiful fast php to a high standard in a timely and scalable way that improves the codebase of our products in meaningful ways responsibilities develop expert level knowledge of noip products infrastructure architecture and business model contribute in all phases of the development lifecycle develop and deploy new features procedures and tools troubleshoot test and maintain the core product software and databases to ensure strong optimization and functionality provide technical leadership to the team by assisting with complex technical problems help team members improve and grow as engineers must have years of php development experience with recent experience in modern php practices frameworks and deployment comfortable with git linux ssh the command line and agile methodologies bs degree in computer science engineering or a related subject nice to have experience with dynamic dns experience with vuejs and laravel experience with responsive frontend frameworks eg bootstrap foundation experience with scaling technologies eg containerization microservices event sourcing experience with nonsql database models eg columnar stores graph databases ms degree in computer science engineering or a related subject join the noip team we are looking for bright passionate and dedicated people with clearly demonstrated initiative and a history of success in their past positions to join our growing team who is noip we are a small company with a bold vision of becoming the solution that the world uses to connect and interact with their devices we work hard as a team to build services everyone can be proud of our mindset and passion has helped noip grow and thrive over the past years we have matured into a stable company that maintains the best parts of a startup culture culture at noip our team is a fast paced and innovative group that is results driven everyone on the team is responsible for multiple job functions within the company we are looking for people who are selfstarters enjoy managing their own projects and workloads while also working creatively with a team of people for the success of the company if you are the type of person who thrives on being able to execute an idea on your own then this is the place for you located in reno nevada just minutes from the outdoor mecca of lake tahoe and a few hours from san francisco noips office feels like something you would see in silicon valley here are a couple of highlights open workspace with private breakout areas and standup desks generous pto package including a week long office closure to reset and enjoy the holidays fully stocked kitchen and breakroom snacks on snacks on snacks companyhosted lunch twice per week pinball foosball basketball special birthday traditions the ability to build products for customers in over countries across the world join a team that is truly passionate about the company and our mission please send your cover letter and resume in pdf format,senior software engineer,develop and deploy new features procedures and tools troubleshoot test and maintain the core product software and databases provide technical leadership to the team,bs degree in computer science engineering or related subject,years,years of php development experience with modern php practices frameworks and deployment proficient with git linux ssh the command line and agile methodologies bs degree in computer science engineering or related subject
